{
  "version": "36.3.0",
  "files": {
    "564bb69fbadbe623c7025960d81538fb8b359ae64b7275797c1d64997cb929dc": {
      "source": {
        "path": "PipelineStack.template.json",
        "packaging": "file"
      },
      "destinations": {
        "current_account-current_region": {
          "bucketName": "cdk-hnb659fds-assets-${AWS::AccountId}-${AWS::Region}",
          "objectKey": "564bb69fbadbe623c7025960d81538fb8b359ae64b7275797c1d64997cb929dc.json",
          "assumeRoleArn": "arn:${AWS::Partition}:iam::${AWS::AccountId}:role/cdk-hnb659fds-file-publishing-role-${AWS::AccountId}-${AWS::Region}"
        }
      }
    }
  },
  "dockerImages": {}
}