{
  "version": "36.3.0",
  "files": {
    "2fe887f8d49bd3e560c8331ae11fee4f27ffa0a3e5d19dc33b333dabfb203e55": {
      "source": {
        "path": "SagemakerImageStack.template.json",
        "packaging": "file"
      },
      "destinations": {
        "029839700785-us-east-1": {
          "bucketName": "cdk-hnb659fds-assets-029839700785-us-east-1",
          "objectKey": "2fe887f8d49bd3e560c8331ae11fee4f27ffa0a3e5d19dc33b333dabfb203e55.json",
          "region": "us-east-1",
          "assumeRoleArn": "arn:${AWS::Partition}:iam::029839700785:role/cdk-hnb659fds-file-publishing-role-029839700785-us-east-1"
        }
      }
    }
  },
  "dockerImages": {}
}